{
  "meta": {
    "total_docs": 44,
    "idf_base": 2.718281828459045
  },
  "idf_values": {
    "i": 1.8382794848629478,
    "ve": 3.091042453358316,
    "found": 2.6855773452501515,
    "a": 1.2192402764567245,
    "few": 3.784189633918261,
    "funni": 3.784189633918261,
    "memori": 3.784189633918261,
    "dure": 3.784189633918261,
    "lockdown": 3.784189633918261,
    "thi": 1.586965056582042,
    "is": 1.586965056582042,
    "from": 2.3978952727983707,
    "my": 1.2992829841302609,
    "1st": 3.784189633918261,
    "tour": 3.784189633918261,
    "in": 1.2192402764567245,
    "89": 3.784189633918261,
    "backstag": 3.784189633918261,
    "vega": 3.784189633918261,
    "if": 3.784189633918261,
    "you": 3.091042453358316,
    "fuck": 3.784189633918261,
    "trump": 3.784189633918261,
    "and": 1.2992829841302609,
    "vanc": 3.784189633918261,
    "humili": 3.784189633918261,
    "them": 3.091042453358316,
    "selv": 3.784189633918261,
    "infront": 3.784189633918261,
    "of": 1.2192402764567245,
    "the": 0.7884573603642703,
    "world": 2.3978952727983707,
    "at": 2.174751721484161,
    "protest": 3.784189633918261,
    "arizona": 3.784189633918261,
    "polic": 3.091042453358316,
    "escort": 3.784189633918261,
    "when": 3.784189633918261,
    "kill": 3.784189633918261,
    "1": 3.784189633918261,
    "rich": 3.784189633918261,
    "ceo": 3.091042453358316,
    "vs": 3.784189633918261,
    "4": 3.784189633918261,
    "colleg": 3.784189633918261,
    "student": 3.784189633918261,
    "dad": 3.091042453358316,
    "wait": 3.784189633918261,
    "everi": 3.784189633918261,
    "year": 2.3978952727983707,
    "for": 2.174751721484161,
    "day": 1.992430164690206,
    "sun": 3.784189633918261,
    "rise": 3.784189633918261,
    "just": 2.3978952727983707,
    "right": 3.784189633918261,
    "reflect": 3.784189633918261,
    "along": 3.784189633918261,
    "railroad": 3.784189633918261,
    "track": 3.784189633918261,
    "today": 2.6855773452501515,
    "wa": 1.8382794848629478,
    "that": 2.174751721484161,
    "twelv": 3.784189633918261,
    "ago": 3.784189633918261,
    "bankrupt": 3.784189633918261,
    "wall": 3.091042453358316,
    "street": 3.784189633918261,
    "celebr": 3.784189633918261,
    "with": 2.174751721484161,
    "champagn": 3.784189633918261,
    "how": 2.6855773452501515,
    "compani": 3.784189633918261,
    "are": 3.091042453358316,
    "advertis": 3.784189633918261,
    "canada": 3.784189633918261,
    "these": 3.091042453358316,
    "oregon": 3.784189633918261,
    "wildfir": 3.784189633918261,
    "make": 2.3978952727983707,
    "it": 1.4816045409242156,
    "look": 3.784189633918261,
    "straight": 3.784189633918261,
    "apocalypt": 3.784189633918261,
    "2500": 3.784189633918261,
    "mile": 3.784189633918261,
    "flight": 3.091042453358316,
    "2": 3.784189633918261,
    "hour": 3.784189633918261,
    "drive": 3.784189633918261,
    "6": 3.784189633918261,
    "hike": 3.091042453358316,
    "wife": 3.784189633918261,
    "rest": 3.784189633918261,
    "nazi": 3.091042453358316,
    "get": 3.784189633918261,
    "punch": 3.784189633918261,
    "face": 3.784189633918261,
    "first": 2.6855773452501515,
    "school": 3.784189633918261,
    "georgia": 3.784189633918261,
    "town": 3.784189633918261,
    "one": 2.6855773452501515,
    "biggest": 3.784189633918261,
    "viru": 3.784189633918261,
    "hot": 3.784189633918261,
    "zone": 3.784189633918261,
    "thank": 3.784189633918261,
    "obama": 3.784189633918261,
    "elon": 3.784189633918261,
    "musk": 3.784189633918261,
    "do": 3.784189633918261,
    "salut": 3.784189633918261,
    "whitehous": 3.784189633918261,
    "unreal": 3.784189633918261,
    "given": 3.784189633918261,
    "reddit": 3.784189633918261,
    "took": 3.784189633918261,
    "150": 3.784189633918261,
    "million": 3.784189633918261,
    "invest": 3.784189633918261,
    "chines": 3.784189633918261,
    "censorship": 3.784189633918261,
    "powerhous": 3.784189633918261,
    "thought": 3.784189633918261,
    "would": 3.784189633918261,
    "be": 3.784189633918261,
    "nice": 3.784189633918261,
    "to": 1.4816045409242156,
    "post": 3.091042453358316,
    "pictur": 2.3978952727983707,
    "tank": 3.784189633918261,
    "man": 3.091042453358316,
    "tienanmen": 3.784189633918261,
    "squar": 3.784189633918261,
    "befor": 3.784189633918261,
    "our": 2.6855773452501515,
    "new": 3.784189633918261,
    "gloriou": 3.784189633918261,
    "overlord": 3.784189633918261,
    "decid": 2.6855773452501515,
    "we": 2.3978952727983707,
    "cannot": 3.784189633918261,
    "anymor": 3.784189633918261,
    "oc": 3.091042453358316,
    "end": 3.091042453358316,
    "journey": 3.784189633918261,
    "me": 2.6855773452501515,
    "sister": 3.784189633918261,
    "reunit": 3.784189633918261,
    "father": 3.784189633918261,
    "worst": 3.784189633918261,
    "ever": 2.6855773452501515,
    "taken": 3.091042453358316,
    "start": 2.6855773452501515,
    "s": 1.8382794848629478,
    "go": 3.091042453358316,
    "democraci": 3.784189633918261,
    "now": 3.091042453358316,
    "after": 2.6855773452501515,
    "11": 3.784189633918261,
    "hospit": 3.784189633918261,
    "lose": 3.784189633918261,
    "12kg": 3.784189633918261,
    "78yr": 3.784189633918261,
    "old": 2.6855773452501515,
    "home": 3.784189633918261,
    "recov": 3.091042453358316,
    "covid": 3.091042453358316,
    "madrid": 3.784189633918261,
    "shelia": 3.784189633918261,
    "fredrick": 3.784189633918261,
    "attend": 3.784189633918261,
    "she": 3.091042453358316,
    "notic": 3.091042453358316,
    "terrifi": 3.784189633918261,
    "girl": 3.784189633918261,
    "accompani": 3.784189633918261,
    "by": 2.6855773452501515,
    "an": 3.091042453358316,
    "older": 3.784189633918261,
    "left": 3.091042453358316,
    "note": 3.784189633918261,
    "bathroom": 3.784189633918261,
    "on": 2.3978952727983707,
    "which": 3.784189633918261,
    "victim": 3.784189633918261,
    "wrote": 3.784189633918261,
    "need": 3.091042453358316,
    "help": 3.784189633918261,
    "alert": 3.784189633918261,
    "save": 3.784189633918261,
    "human": 3.784189633918261,
    "traffick": 3.784189633918261,
    "should": 3.784189633918261,
    "honor": 3.784189633918261,
    "hero": 3.784189633918261,
    "offic": 3.091042453358316,
    "neighbor": 3.784189633918261,
    "cat": 3.784189633918261,
    "car": 3.784189633918261,
    "overcam": 3.784189633918261,
    "depress": 3.784189633918261,
    "went": 3.091042453358316,
    "small": 3.784189633918261,
    "thing": 3.784189633918261,
    "did": 3.784189633918261,
    "cross": 3.784189633918261,
    "border": 3.784189633918261,
    "dr": 3.784189633918261,
    "kati": 3.784189633918261,
    "bouman": 3.784189633918261,
    "comput": 3.784189633918261,
    "scientist": 3.784189633918261,
    "behind": 3.091042453358316,
    "imag": 3.784189633918261,
    "black": 3.784189633918261,
    "hole": 3.784189633918261,
    "develop": 3.784189633918261,
    "algorithm": 3.784189633918261,
    "turn": 3.784189633918261,
    "telescop": 3.784189633918261,
    "data": 3.784189633918261,
    "into": 3.784189633918261,
    "histor": 3.784189633918261,
    "photo": 3.091042453358316,
    "see": 3.784189633918261,
    "final": 3.091042453358316,
    "vaccin": 3.784189633918261,
    "anti": 3.784189633918261,
    "vax": 3.784189633918261,
    "parent": 3.784189633918261,
    "back": 3.784189633918261,
    "nasa": 3.784189633918261,
    "will": 3.784189633918261,
    "offici": 3.784189633918261,
    "have": 3.784189633918261,
    "say": 3.091042453358316,
    "goodby": 3.784189633918261,
    "littl": 3.784189633918261,
    "rover": 3.784189633918261,
    "could": 3.784189633918261,
    "mar": 3.784189633918261,
    "opportun": 3.784189633918261,
    "meant": 3.784189633918261,
    "last": 3.784189633918261,
    "90": 3.784189633918261,
    "instead": 3.784189633918261,